,CAGR,Vol,Sharpe,MDD
EW,0.07572920475691158,0.171232762373913,0.5119002826871073,-0.33731139199444427
BH,0.066126262843625,0.1762257308165739,0.45146222831034255,-0.3630838296617082
